Dataset,Kind,Period,16/17,17/18,18/19,19/20,20/21,21/22,22/23,23/24,24/25,25/26,26/27
Sugarcane Crush,flow,Apr (1),32937311,17680550,22359918,13899536,22510291,15664985,5287706,13815000,16040000,16598000,20396000
Sugarcane Crush,flow,Apr (2),36234098,24264110,37810524,31728754,38191803,29660783,24014328,21003000,34630000,17725000,40062000
Sugarcane Crush,flow,May (1),39692052,38573403,42783759,39040312,42338660,41408892,34132589,44150000,44880000,42319000,42350000
Sugarcane Crush,flow,May (2),32506587,31690868,32634200,44306234,42424941,43644032,43691822,46411000,45200000,48150000,
Sugarcane Crush,flow,Jun (1),25986799,39506908,42522623,42554564,41811625,36469574,38610117,40931000,48998000,38783000,
Sugarcane Crush,flow,Jun (2),48233793,47714846,45536937,46524604,43116763,45447860,41875934,43478000,48806000,42706000,
Sugarcane Crush,flow,Jul (1),47083778,47999736,45213543,41001778,46755232,46088781,46761598,48463000,43170000,49823000,
Sugarcane Crush,flow,Jul (2),49430077,50907254,47666162,49903971,50840633,46876979,49078266,53924000,51316000,50217000,
Sugarcane Crush,flow,Aug (1),45133917,45436224,33690723,42860852,46580681,44733875,38808515,47871000,43831000,47630000,
Sugarcane Crush,flow,Aug (2),38596886,39075604,43523455,47970246,42248068,43221046,44026446,46515000,45067000,50061000,
Sugarcane Crush,flow,Sep (1),37881424,45473110,38768930,39607726,44672503,38490155,39529679,41764000,42933000,45973000,
Sugarcane Crush,flow,Sep (2),42527431,40459978,27832109,35204916,40383654,35938479,25287000,44777000,40145000,40855000,
Sugarcane Crush,flow,Oct (1),32002207,32519840,25627737,37621914,36986558,19745061,27596000,32766000,33832000,34037000,
Sugarcane Crush,flow,Oct (2),32002207,30144226,24979098,32780777,26932127,17024824,31522000,34557000,27299000,31108000,
Sugarcane Crush,flow,Nov (1),21771224,23449740,21462129,19891758,20365242,12552368,26566000,34772000,16460000,18761000,
Sugarcane Crush,flow,Nov (2),19681686,15270878,14640847,10879954,8735795,3932397,16578000,23901000,20350000,15993000,
Sugarcane Crush,flow,Dec (1),7228818,10516600,12913349,2575507,2029109,715574,5573000,19083000,8827000,5920000,
Sugarcane Crush,flow,Dec (2),3120585,2556053,2545978,733041,453289,8183,3453000,4872000,1730000,2171000,
Sugarcane Crush,flow,Jan (1),1181826,166422,556225,127601,212579,,440000,1110000,399000,605000,
Sugarcane Crush,flow,Jan (2),589348,420765,563423,86801,44506,,307000,714000,239000,609000,
Sugarcane Crush,flow,Feb (1),911713,576778,279909,170420,486891,,73000,549000,245000,1400000,
Sugarcane Crush,flow,Feb (2),1159765,730938,543370,458456,668984,159617,72000,552000,283000,900000,
Sugarcane Crush,flow,Mar (1),3279862,3421031,1591470,2955874,1677493,142627,605000,2224000,1828000,1309000,
Sugarcane Crush,flow,Mar (2),7963303,7773817,7122330,7475270,4994842,1181131,4387000,5044000,4558000,7554000,
Sugar,flow,Apr (1),1437979,707217,712543,340097,971453,632971,131347,541750,715440,731000,675000
Sugar,flow,Apr (2),1813391,1132428,1537501,1042176,2033354,1524261,934274,999817,1853170,856000,1800000
Sugar,flow,May (1),2070997,2115719,1906953,1604551,2485236,2386556,1673874,2541590,2568710,2408000,2116000
Sugar,flow,May (2),1687254,1758969,1346126,1870663,2557041,2647072,2311417,2925814,2699820,2959000,
Sugar,flow,Jun (1),1202897,2389515,1985458,1870217,2559833,2226008,2142091,2562167,3120000,2450000,
Sugar,flow,Jun (2),2803088,2984361,2287110,2211806,2738218,2923828,2486692,2703558,3247000,2845000,
Sugar,flow,Jul (1),2842474,3114260,2395565,1942115,3030086,2973875,3001926,3255575,2939000,3406000,
Sugar,flow,Jul (2),3116171,3424557,2621990,2480939,3439811,3041196,3310739,3690254,3610000,3614000,
Sugar,flow,Aug (1),2979475,3169878,1711019,2129667,3236295,2995876,2638335,3464381,3109000,3615000,
Sugar,flow,Aug (2),2547589,2545222,2382843,2521365,2933842,2967247,3139280,3461124,3258000,3872000,
Sugar,flow,Sep (1),2418751,3137398,2157592,2038316,3203981,2552996,2864025,3116000,3124000,3622000,
Sugar,flow,Sep (2),2962260,2858856,1289376,1797181,2865964,2332826,1700000,3364000,2903860,3137000,
Sugar,flow,Oct (1),2158608,1990216,1123189,1913631,2620948,1153537,1829000,2247000,2443000,2484000,
Sugar,flow,Oct (2),2158608,1890839,959609,1518472,1735653,856762,2118000,2350000,1715000,2068000,
Sugar,flow,Nov (1),1367162,1254653,886221,791073,1243714,625596,1628714,2190000,898000,983000,
Sugar,flow,Nov (2),1136247,727891,532831,347993,430878,210650,1079286,1399000,1084000,724000,
Sugar,flow,Dec (1),375231,511250,431561,50176,94179,,301000,925000,348000,254000,
Sugar,flow,Dec (2),131464,116133,73497,12937,11043,,174000,236000,64000,56000,
Sugar,flow,Jan (1),35495,2829,12923,4274,7698,,19000,48000,9000,7000,
Sugar,flow,Jan (2),11359,3794,5358,3648,1861,,81000,28000,7000,5000,
Sugar,flow,Feb (1),9134,4622,1647,2508,21350,,3000,27000,7000,3000,
Sugar,flow,Feb (2),19176,5019,1229,,18673,,,16000,9000,3000,
Sugar,flow,Mar (1),72612,47656,9078,40832,50235,,16000,64000,52000,6000,
Sugar,flow,Mar (2),270098,166225,138833,226717,173593,12473,145000,183000,201000,179000,
Ethanol,flow,Apr (1),1284273,686657,998189,739915,986225,735660,394383,779000,841500,918000,920500
Ethanol,flow,Apr (2),1495589,936400,1758361,1499262,1603868,1299681,1100937,977000,1516200,985000,988000
Ethanol,flow,May (1),1624143,1487394,2082220,1812703,1828443,1839835,1647433,1918000,1990700,1779000,
Ethanol,flow,May (2),1450406,1205550,1757588,2168937,1820555,2016697,2031004,2092000,2118100,2043000,
Ethanol,flow,Jun (1),1079003,1510902,2157666,2127309,1846474,1713760,1823381,1900000,2248000,1775000,
Ethanol,flow,Jun (2),1947001,1801522,2359620,2360650,1967319,2102786,2022567,1937000,2307000,1917000,
Ethanol,flow,Jul (1),1922667,1893238,2405461,2176821,2135789,2179736,2241207,2344000,2126000,2194000,
Ethanol,flow,Jul (2),2076437,2088751,2624595,2664143,2417209,2345149,2418512,2495000,2549000,2280000,
Ethanol,flow,Aug (1),1942742,1955367,1983234,2415202,2285352,2220592,2010292,2346000,2295000,2193000,
Ethanol,flow,Aug (2),1719954,1785238,2464353,2734884,2178452,2277530,2251348,2306000,2452000,2420000,
Ethanol,flow,Sep (1),1609992,2112228,2265026,2404181,2321069,2073068,2116936,2118000,2435000,2331000,
Ethanol,flow,Sep (2),1815144,2037235,1642338,2235579,2173897,1989852,1426000,2221000,2320500,2213000,
Ethanol,flow,Oct (1),1362294,1584665,1478271,2299120,2073347,1241819,1374000,1773000,2007000,2013000,
Ethanol,flow,Oct (2),1362294,1576227,1407776,2060020,1512393,1063677,1591000,1792000,1650000,1905000,
Ethanol,flow,Nov (1),922524,1070236,1091583,1304665,1175103,741439,1232523,1638000,1059000,1347000,
Ethanol,flow,Nov (2),795144,802190,747839,757493,595412,366790,981477,1248000,1189000,1185000,
Ethanol,flow,Dec (1),337188,499630,702980,249342,230832,195083,477000,1024000,765000,740000,
Ethanol,flow,Dec (2),168608,189393,213379,137272,140997,167875,325000,526000,486000,561000,
Ethanol,flow,Jan (1),67816,42333,72059,95635,126167,145319,208000,338000,379000,427000,
Ethanol,flow,Jan (2),44757,67461,81047,103175,125934,164526,214000,313000,402000,439000,
Ethanol,flow,Feb (1),64298,70013,61312,103670,129511,158126,229000,385000,381000,418000,
Ethanol,flow,Feb (2),70716,75176,74054,109438,124329,129370,154000,329000,338000,418000,
Ethanol,flow,Mar (1),161437,185286,141893,243325,202839,168123,265000,367000,442000,130000,
Ethanol,flow,Mar (2),326351,426366,382484,455614,374758,213215,377000,183000,547000,754000,
ATR,flow,Apr (1),3678128,1885298,2385295,1519715,2539433,1711933,521751,1495999,1718469,1713000,1717515
ATR,flow,Apr (2),4435256,2760300,4539098,3542823,4663160,3591996,2646770,2411019,4032557,1961000,1965598
ATR,flow,May (1),4934647,4743809,5486392,4675011,5548881,5443329,4309239,5540053,5621880,4943000,
ATR,flow,May (2),4239314,3890127,4353034,5565123,5677830,6010180,5636772,6311907,5903580,5957000,
ATR,flow,Jun (1),3099214,5078245,5718781,5499310,5708208,5050303,5066905,5500181,6646368,4990000,
ATR,flow,Jun (2),6260717,6200295,6367923,6264346,6063930,6443035,5773174,5748935,6869759,5617000,
ATR,flow,Jul (1),6259727,6483264,6561793,5664082,6640362,6621034,6637278,6544945,6227432,6660000,
ATR,flow,Jul (2),6806945,7137824,7174985,7048711,7532054,6911111,7279633,7932893,7598595,7011000,
ATR,flow,Aug (1),6437498,6643576,5124481,6263383,7122498,6702016,5919396,7153400,6656692,6898000,
ATR,flow,Aug (2),5599247,5687479,6643281,7243790,6588637,6698444,6819675,7169652,7047335,7499000,
ATR,flow,Sep (1),5278809,6862615,6066703,6108807,7103122,5970384,6283991,6428021,6881476,7107000,
ATR,flow,Sep (2),6199070,6441745,4098166,5537613,6508992,5601086,3935131,6934354,6228249,6434000,
ATR,flow,Oct (1),4769224,4764117,3647991,5803029,6073579,3079930,4011593,4933808,5440748,5405000,
ATR,flow,Oct (2),4391070,4631411,3339107,4974240,4186800,2442477,4635080,5069441,4010347,4715000,
ATR,flow,Nov (1),2992151,3107223,2731376,2923893,3117264,1677637,3611262,4613726,2250180,2672000,
ATR,flow,Nov (2),2529350,2088569,1768953,1527849,1278718,523602,2283252,3178399,2538454,2140000,
ATR,flow,Dec (1),941652,1331607,1570688,343147,306119,102191,796823,2290542,1030858,847000,
ATR,flow,Dec (2),391121,374191,359312,94517,60090,4805,390612,673769,211454,277000,
ATR,flow,Jan (1),129929,17451,58572,18180,27051,,57643,122059,35622,80000,
ATR,flow,Jan (2),61121,47648,61674,13068,9976,,40504,82740,32613,74000,
ATR,flow,Feb (1),86664,58445,37439,15608,61003,,11077,76182,33038,48000,
ATR,flow,Feb (2),121093,74661,54885,42327,68565,16159,7138,72887,40146,49000,
ATR,flow,Mar (1),316825,302624,174767,304061,170476,16375,60869,244546,183948,130000,
ATR,flow,Mar (2),806553,845931,706190,811386,565556,118576,457395,573039,490848,752000,
